ExternalTemp,FloorArea,Internaltemp,IsHeatingOn,NumberofPeople
7.054466806,10000,25.6980057,0,65
7.656742656,10000,20.31149737,0,1189
7.604537358,10000,21.16836079,0,317
4.638731344,10000,28.05152979,1,46
6.370566978,10000,20.11556018,0,3205
7.976144802,10000,20.26955631,0,1374
4.272760328,10000,20.16705926,1,2217
6.087693273,10000,20.16344677,0,2266
5.254749016,10000,20.34485137,1,1074
6.624555934,10000,20.3677958,0,1007
7.575652608,10000,20.72196953,0,513
6.742708351,10000,20.13955176,0,2654
6.564245242,10000,22.96296296,0,125
4.296080876,10000,20.11278026,1,3284
7.463136619,10000,20.1769567,0,2093
6.630192361,10000,20.41106589,0,901
6.800550077,10000,24.25713069,0,87
6.399523954,10000,20.44462229,0,833
4.912098548,10000,20.37831499,1,979
5.514374398,10000,20.17611525,0,2103
7.900691181,10000,20.62668421,0,591
7.416567748,10000,20.33217074,0,1115
5.802884531,10000,20.126105,0,2937
7.185899341,10000,20.35374438,0,1047
6.701775908,10000,20.23575453,0,1571
5.742573839,10000,20.18022889,0,2055
6.039189366,10000,20.12775798,0,2899
4.425506149,10000,20.26702983,1,1387
7.160643756,10000,20.23279093,0,1591
4.975576701,10000,20.22597338,1,1639
5.926673376,10000,20.32346757,0,1145
5.874468078,10000,21.35171668,0,274
6.825564753,10000,20.11897538,0,3113
5.211881536,10000,20.2313369,1,1601
5.382239251,10000,20.47061038,1,787
4.981213129,10000,20.24144092,1,1534
6.364227939,10000,20.1244106,0,2977
6.172556938,10000,20.16315875,0,2270
4.685131532,10000,20.15329899,1,2416
7.908868801,10000,20.21079702,0,1757
5.571128151,10000,20.80690712,0,459
6.452648542,10000,20.17036356,0,2174
5.427720149,10000,20.1377866,1,2688
6.379129959,10000,20.11893718,0,3114
6.034785363,10000,20.34940601,0,1060
6.191935186,10000,20.17900936,0,2069
4.927072794,10000,20.16301513,1,2272
4.094128536,10000,20.34261829,1,1081
4.696404387,10000,20.16796842,1,2205
7.640897116,10000,20.38782238,0,955
4.884446223,10000,20.14450658,1,2563
4.038294073,10000,20.11595816,1,3194
5.630664005,10000,20.11632235,0,3184
4.016980788,10000,20.22138097,1,1673
5.831913733,10000,20.21520649,0,1721
4.344488327,10000,20.19837727,1,1867
7.943462204,10000,20.14174144,0,2613
7.891256906,10000,20.21273427,0,1741
4.493532757,10000,20.12927413,1,2865
6.657286526,10000,20.28577961,0,1296
5.894231687,10000,20.17242568,0,2148
5.257434659,10000,20.27952481,1,1325
6.570873185,10000,20.22514916,0,1645
4.791308482,10000,20.60916179,1,608
4.015045751,10000,20.11281461,1,3283
7.670701155,10000,20.30135913,0,1229
7.269675033,10000,20.1875293,0,1975
7.300567045,10000,20.279314,0,1326
6.245059774,10000,24.87329435,0,76
5.844033652,10000,20.45057223,0,822
5.207236624,10000,20.11112222,1,3333
4.221618772,10000,20.46646142,1,794
6.677824973,10000,20.27910352,0,1327
5.692207121,10000,20.17453835,0,2122
5.138507404,10000,20.24350452,1,1521
4.589283916,10000,20.63637521,1,582
7.603666063,10000,20.26896904,0,1377
6.313014156,10000,20.93057882,0,398
5.118041182,10000,20.13997368,1,2646
4.145631222,10000,20.2287649,1,1619
7.87086291,10000,20.53754771,0,689
6.689097829,10000,20.33217074,0,1115
5.424235436,10000,20.28079634,1,1319
6.026511286,10000,20.15160474,0,2443
5.542387853,10000,20.12482992,0,2967
6.340810933,10000,20.32892573,0,1126
7.291907608,10000,20.58602907,0,632
6.681526364,10000,20.1307805,0,2832
6.629321066,10000,20.18896447,0,1960
4.583719714,10000,20.20085161,1,1844
4.405256605,10000,20.13986796,1,2648
6.917831199,10000,20.13255919,0,2794
5.304147982,10000,20.28890044,1,1282
4.471203724,10000,24.11522634,1,90
5.841010642,10000,36.10305958,0,23
5.71922906,10000,20.27233115,0,1360
6.308297019,10000,20.38064786,0,973
7.259393694,10000,20.7732158,0,479
4.210490368,10000,20.11162458,1,3318
6.596807151,10000,20.20496423,0,1807
5.331944759,10000,20.18426387,1,2010
6.937522582,10000,22.06910821,0,179
4.320537392,10000,20.22820109,1,1623
6.706854175,10000,23.33667,0,111
5.651346904,10000,20.16873365,0,2195
6.672332998,10000,20.89895721,0,412
5.407470605,10000,20.6012506,1,616
4.142608212,10000,20.45167118,1,820
5.525623022,10000,20.16366344,0,2263
5.347159913,10000,20.12075982,1,3067
7.301558561,10000,20.12550673,0,2951
5.38221502,10000,20.31956029,1,1159
5.203751911,10000,20.18867569,1,1963
5.374109626,10000,20.32206119,1,1150
7.105945261,10000,20.37947784,0,976
7.136837273,10000,21.13610543,0,326
4.29728907,10000,20.21633783,1,1712
6.683605853,10000,21.84263866,0,201
7.634702528,10000,20.12183236,0,3040
5.366538162,10000,20.12922902,1,2866
7.098373796,10000,20.13758186,0,2692
5.916608714,10000,20.1187846,0,3118
5.083664457,10000,20.1923003,1,1926
7.46998124,10000,20.89245872,0,415
7.417775942,10000,20.12877968,0,2876
5.232708887,10000,20.12662235,1,2925
4.399764629,10000,20.21371631,1,1733
6.480421088,10000,20.11312473,0,3274
7.514615074,10000,20.12333346,0,3003
6.891025938,10000,21.03455411,0,358
7.842122612,10000,20.11584935,0,3197
5.573958247,10000,20.12251749,0,3023
6.817507354,10000,20.28533927,0,1298
7.546041015,10000,20.49647503,0,746
4.148316866,10000,20.19805902,1,1870
5.378658081,10000,20.188292,1,1967
7.110493715,10000,20.20656462,0,1793
4.576605836,10000,22.93944738,1,126
7.869919389,10000,20.62562563,0,592
7.259538145,10000,20.13265414,0,2792
5.645854928,10000,20.28935185,0,1280
6.025567765,10000,20.15787313,0,2346
6.963456548,10000,21.08613012,0,341
6.784993439,10000,20.32346757,0,1145
6.300870006,10000,20.22204459,0,1668
7.683884816,10000,20.11901362,0,3112
7.06029568,10000,20.7930843,0,467
5.097791639,10000,20.64637063,1,573
6.829627273,10000,20.92824654,0,399
6.34550384,10000,20.40126801,0,923
4.369791906,10000,20.12990893,1,2851
4.191328798,10000,21.15021854,1,322
4.487944324,10000,20.31764183,1,1166
5.090220174,10000,20.16173379,1,2290
7.825357782,10000,20.14850456,0,2494
6.560495389,10000,20.1373268,0,2697
5.239264604,10000,20.11264306,1,3288
7.319921063,10000,20.24757378,0,1496
4.702935873,10000,20.12597632,1,2940
5.654032548,10000,20.15141879,0,2446
7.691528506,10000,20.14512946,0,2552
7.207405073,10000,20.12040649,0,3076
4.812982897,10000,20.29748624,1,1245
4.760777599,10000,20.99295005,1,373
7.495915206,10000,20.64188972,0,577
7.666272921,10000,20.11962867,0,3096
6.052589704,10000,20.23381968,0,1584
7.003686379,10000,20.33978933,0,1090
4.735522014,10000,20.40433447,1,916
5.560360878,10000,20.17653497,0,2098
7.292196512,10000,20.19250019,0,1924
6.027334119,10000,20.17404623,0,2128
6.62960997,10000,20.11389003,0,3252
6.145486537,10000,20.83794201,0,442
7.528501346,10000,20.19637878,0,1886
6.765446508,10000,20.13522102,0,2739
6.71324121,10000,20.19837727,0,1867
4.318819033,10000,30.28806584,1,36
5.828091654,10000,20.11806515,0,3137
6.86228564,10000,20.12927413,0,2865
6.378162206,10000,26.61375661,0,56
4.541915976,10000,20.2035002,1,1820
6.147493799,10000,20.11152375,0,3321
7.098590474,10000,20.13096548,0,2828
4.704168298,10000,20.3718578,1,996
5.000783824,10000,20.20128824,1,1840
4.822320715,10000,20.14007957,1,2644
5.77341739,10000,20.17226529,0,2150
7.505253024,10000,20.1874344,0,1976
7.67561074,10000,20.31873526,0,1162
6.842666482,10000,20.11213151,0,3303
6.873558495,10000,20.13955176,0,2654
4.605394129,10000,20.14934289,1,2480
4.121270696,10000,20.1232924,1,3004
7.942807587,10000,20.78137209,0,474
6.32912437,10000,20.16131114,0,2296
6.625739896,10000,20.11795235,0,3140
6.796097611,10000,20.1592306,0,2326
6.617634503,10000,20.11832919,0,3130
4.698290961,10000,20.27680895,1,1338
4.519827852,10000,20.17290867,1,2142
7.896238716,10000,20.13087292,0,2830
5.711171661,10000,20.12864549,0,2879
6.007787188,10000,20.95210892,0,389
7.613365011,10000,20.19585953,0,1891
4.996379821,10000,390.3703704,1,1
6.379394631,10000,20.25631167,0,1445
5.546450374,10000,21.46391451,0,253
5.06232694,10000,20.47666714,1,777
5.232684656,10000,20.11233557,1,3297
7.396438425,10000,20.21445881,0,1727
7.344233127,10000,20.43318172,0,855
4.378427113,10000,20.63419584,1,584
7.11356472,10000,20.47001316,0,788
4.49657953,10000,20.16601092,1,2231
5.225113191,10000,20.22045855,1,1680
7.26260915,10000,20.20737423,0,1786
6.429664892,10000,20.62351914,0,594
6.377459594,10000,20.12119449,0,3056
7.537911391,10000,20.33426929,0,1108
5.143489214,10000,20.14190436,1,2610
6.094585889,10000,20.17503326,0,2116
6.264943604,10000,20.28446265,0,1302
5.780820171,10000,20.20283153,0,1826
4.376492076,10000,20.16881056,1,2194
4.546849791,10000,20.26838433,1,1380
7.713905534,10000,21.95963159,0,189
4.665002209,10000,20.12231518,1,3028
5.39353587,10000,20.14958416,1,2476
7.779852653,10000,20.38380349,0,965
6.51499026,10000,20.31709792,0,1168
7.117266111,10000,20.16159266,0,2292
4.068362786,10000,20.20599019,1,1798
5.089348879,10000,43.14814815,1,16
7.183526365,10000,20.56545095,0,655
4.915361999,10000,20.77000077,1,481
4.710483106,10000,20.23206164,1,1596
5.312758957,10000,20.13616558,1,2720
4.702377713,10000,20.23352482,1,1586
7.214952306,10000,20.21383971,0,1732
6.813926184,10000,20.14946343,0,2478
4.545761818,10000,20.16075103,1,2304
6.932078601,10000,20.46763936,0,792
4.663914236,10000,20.59930481,1,618
6.618312883,10000,20.73778958,0,502
7.652506869,10000,21.60333494,0,231
7.600301571,10000,20.13758186,0,2692
7.548096273,10000,20.2035002,0,1820
4.499192948,10000,20.279314,1,1326
6.885509731,10000,20.1176526,0,3148
7.836606406,10000,20.13955176,0,2654
7.003662148,10000,20.25333131,0,1462
5.389978931,10000,20.11278026,1,3284
6.341075606,10000,20.13274924,0,2790
5.215992051,10000,20.89031339,1,416
7.602308834,10000,20.16549168,0,2238
7.772666549,10000,20.26009155,0,1424
5.853323008,10000,20.12491412,0,2965
6.887516994,10000,20.13747972,0,2694
5.622654601,10000,20.12780206,0,2898
7.228232424,10000,20.34743937,0,1066
6.966672005,10000,20.2247393,0,1648
5.130425774,10000,24.74833808,1,78
7.516742557,10000,20.19493177,0,1900
5.026015178,10000,20.22204459,1,1668
4.276168231,10000,20.52985747,1,699
4.223962933,10000,20.11720581,1,3160
7.82293681,10000,20.64637063,0,573
4.119552337,10000,20.26137641,1,1417
6.157048295,10000,20.24318475,0,1523
4.320802065,10000,20.11267733,1,3287
6.833376659,10000,23.74111485,0,99
7.658215523,10000,20.28912597,0,1281
4.609312197,10000,20.47061038,1,787
4.779669913,10000,20.11199588,1,3307
6.943423682,10000,20.21322416,0,1737
7.894520357,10000,20.2979649,0,1243
5.277535167,10000,20.13783788,1,2687
4.44459091,10000,20.24773938,1,1495
6.957165503,10000,20.22569797,0,1641
4.562743327,10000,20.11783976,1,3143
7.729799069,10000,20.18983617,0,1951
5.435532055,10000,20.12312845,1,3008
7.891738256,10000,21.78062678,0,208
6.112173553,10000,20.14791149,0,2504
5.933710444,10000,20.11196202,0,3308
4.446285038,10000,23.06091215,1,121
7.835903793,10000,20.15957362,0,2321
5.567739428,10000,20.17250599,0,2147
6.170015278,10000,20.11322848,0,3271
7.901850913,10000,20.11962867,0,3096
4.504126763,10000,20.41755397,1,887
4.229358452,10000,20.11254037,1,3291
6.183757099,10000,20.11665209,0,3175
4.570073882,10000,20.22271219,1,1663
6.385006827,10000,20.21646427,0,1711
4.116842462,10000,20.24096966,1,1537
6.503159245,10000,34.24501425,0,26
7.886174055,10000,20.25195263,0,1470
6.621311662,10000,20.22138097,0,1673
6.010930418,10000,20.68587106,0,540
6.307545944,10000,20.26780215,0,1383
5.6971647,10000,21.48743121,0,249
6.299440551,10000,20.26975264,0,1373
5.034578158,10000,20.23485756,1,1577
4.98237286,10000,20.52534804,1,705
5.58464871,10000,20.20249884,0,1829
7.316484345,10000,20.22378874,0,1655
4.922062168,10000,20.11731719,1,3157
6.431334789,10000,20.12662235,0,2925
6.462226802,10000,20.16272863,0,2276
7.413323477,10000,20.20783971,0,1782
4.015599327,10000,20.12745023,1,2906
4.966696002,10000,20.15355322,1,2412
7.701833609,10000,20.14157889,0,2616
5.433669244,10000,20.15166682,1,2442
7.471165202,10000,20.14535729,0,2548
6.638220945,10000,20.27313449,0,1356
4.1478067,10000,20.18119881,1,2044
6.00621328,10000,20.33217074,0,1115
5.173269023,10000,20.11375011,1,3256
7.90840663,10000,22.91630213,0,127
6.643544237,10000,21.12233446,0,330
5.81059998,10000,20.1498262,0,2472
4.196916763,10000,20.38580247,1,960
7.586535519,10000,20.11720581,0,3160
6.321673126,10000,32.34567901,0,30
4.485426896,10000,20.20644948,1,1794
4.306963787,10000,20.1425598,1,2598
6.387620245,10000,20.45951659,0,806
6.209157136,10000,20.23004371,0,1610
4.944294744,10000,20.2041733,1,1814
4.892089446,10000,20.39317449,1,942
5.703720418,10000,20.6041931,0,613
5.874078133,10000,20.11825363,0,3132
5.041133876,10000,20.1908142,1,1941
7.776271483,10000,20.17274737,0,2144
7.165890239,10000,20.36634062,0,1011
5.552207022,10000,20.1307805,0,2832
5.068083589,10000,36.10305958,1,23
7.454400372,10000,20.20085161,0,1844
5.840717154,10000,21.11222333,0,333
5.356593721,10000,20.43217079,1,857
6.307690396,10000,21.02030405,0,363
7.258787071,10000,20.11566845,0,3202
6.425842813,10000,20.18426387,0,2010
5.815461569,10000,20.42279723,0,876
5.205080325,10000,20.12040649,1,3076
4.372136068,10000,20.19658725,1,1884
5.323232743,10000,20.2664535,1,1390
4.490288485,10000,21.86115764,1,199
5.44138516,10000,20.12191256,1,3038
5.611742875,10000,20.16653344,0,2224
5.908358402,10000,20.12072046,0,3068
7.862757049,10000,20.12546422,0,2952
4.116212076,10000,20.1569366,1,2360
7.283267818,10000,20.31709792,0,1168
5.795842412,10000,20.28186482,0,1314
6.746939087,10000,20.45167118,0,820
7.571777951,10000,20.18500019,0,2002
5.526176599,10000,20.19637878,0,1886
6.477273274,10000,20.26607067,0,1392
5.644329016,10000,21.85185185,0,200
6.595425691,10000,20.12183236,0,3040
7.546522366,10000,20.14547147,0,2546
7.716880081,10000,20.21383971,0,1732
5.448715715,10000,20.23772168,1,1558
5.034481701,10000,20.46704965,1,793
6.417496511,10000,20.16556566,0,2237
4.803813294,10000,20.51085568,1,725
5.824799388,10000,20.16272863,0,2276
5.995157103,10000,20.25333131,0,1462
5.162212845,10000,21.37174211,1,270
5.110007547,10000,20.13556749,1,2732
7.273761317,10000,20.31873526,0,1162
6.440817059,10000,20.11209757,0,3304
7.04309291,10000,20.33854696,0,1094
6.990887612,10000,21.668335,0,222
5.015175678,10000,20.1721852,1,2151
5.394888515,10000,20.11512912,1,3217
7.781205298,10000,20.21722602,0,1705
6.725698027,10000,20.81221572,0,456
5.321369932,10000,20.4494786,1,824
7.262560688,10000,20.14639145,0,2530
6.861534565,10000,20.11305567,0,3276
4.467112389,10000,20.25648918,1,1444
7.411605118,10000,21.89933523,0,195
4.864509346,10000,21.05820106,1,350
4.450275332,10000,20.1269261,1,2918
7.185412939,10000,20.11863241,0,3122
6.129905668,10000,20.19784742,0,1872
6.732181519,10000,20.12362162,0,2996
5.467319126,10000,20.11574074,1,3200
4.634374868,10000,20.1844474,1,2008
7.801430611,10000,20.45388526,0,816
4.181143448,10000,20.19669165,1,1883
5.786721271,10000,27.26216412,0,51
5.385695149,10000,20.46470561,1,797
5.682310675,10000,20.22569797,0,1641
4.500545593,10000,20.17918257,1,2067
5.883560403,10000,22.09248797,0,177
6.180175929,10000,20.36275257,0,1021
4.566492712,10000,20.13027449,1,2843
5.168768563,10000,20.58510327,1,633
5.339126278,10000,20.11746602,1,3153
4.715537142,10000,20.72907553,1,508
4.231413709,10000,20.35888602,1,1032
4.0529506,10000,20.20172678,1,1836
6.648622505,10000,20.16804463,0,2204
4.380458139,10000,20.18244846,1,2030
7.547513881,10000,20.44196942,0,838
5.279349516,10000,20.5577867,1,664
6.230446191,10000,22.17864924,0,170
4.184844839,10000,26.85871056,1,54
4.787120689,10000,20.31440609,1,1178
7.522258296,10000,20.26799593,0,1382
5.908575079,10000,20.11563234,0,3203
7.514152903,10000,20.26994925,0,1372
4.242686564,10000,20.45167118,1,820
7.409742307,10000,20.12504064,0,2962
4.360838982,10000,20.15006903,1,2468
4.029702278,10000,20.19240019,1,1925
6.764839885,10000,20.17396448,0,2129
6.935197601,10000,20.28165047,0,1315
7.778837373,15000,20.47975437,0,1158
7.072150927,15000,20.29916831,0,1857
4.67772875,15000,20.13517167,1,4110
5.057441587,15000,20.78357624,1,709
6.789277221,15000,21.24007937,0,448
5.175594004,15000,20.174703,1,3180
6.558608814,15000,21.60565189,0,346
4.944925597,15000,20.18043376,1,3079
6.327940407,15000,22.27686703,0,244
7.697747325,15000,23.88500389,0,143
7.213623892,15000,20.59801459,0,929
6.03185881,15000,20.35430839,0,1568
5.421477566,15000,20.11414743,1,4867
4.588533309,15000,20.18037518,1,3080
7.101107902,15000,20.1684012,0,3299
6.268163645,15000,20.36767409,0,1511
6.089700536,15000,20.20447389,0,2717
4.253454305,15000,21.53045608,1,363
7.420510048,15000,20.15540016,0,3575
6.58756579,15000,20.3107134,0,1788
6.103442357,15000,20.21591743,0,2573
7.70902018,15000,20.11511719,0,4826
4.005635707,15000,20.50921682,1,1091
5.388650517,15000,20.17057278,1,3257
7.7749673,15000,20.56116723,0,990
7.945325015,15000,20.11649309,0,4769
7.112380758,15000,20.186303,0,2982
4.063477432,15000,20.2479052,1,2241
6.449794215,15000,20.11171437,0,4973
7.178327877,15000,20.13403029,0,4145
6.999864768,15000,21.58277936,0,351
4.382879578,15000,20.22072132,1,2517
7.118017185,15000,20.19679616,0,2823
5.630591779,15000,20.18262839,0,3042
6.455430643,15000,20.11538018,0,4815
7.183964304,15000,20.13934175,0,3987
7.563677141,15000,20.94804702,0,586
5.156047073,15000,20.97125097,1,572
5.186939085,15000,20.12085176,1,4597
7.546840085,15000,20.19869655,0,2796
7.856976638,15000,20.20507772,0,2709
5.645493799,15000,20.17109811,0,3247
5.929527703,15000,112.5925926,0,6
6.658374499,15000,20.99561928,0,558
4.44689166,15000,20.50643168,1,1097
4.394686362,15000,20.11600659,1,4789
4.565044077,15000,20.15570503,1,3568
6.602540036,15000,20.14902241,0,3728
6.899155562,15000,20.11126688,0,4993
6.275566426,15000,20.54147715,0,1026
6.083895425,15000,20.11189437,0,4965
7.327444533,15000,20.23372131,0,2377
6.703855397,15000,20.16291952,0,3410
6.651650098,15000,20.26429855,0,2102
6.250623976,15000,20.17247922,0,3221
5.849597854,15000,20.12800819,0,4340
7.581433488,15000,20.13619896,0,4079
7.180407365,15000,22.79173646,0,199
5.566724148,15000,20.18954471,0,2931
5.291955837,15000,20.36145449,1,1537
7.525599025,15000,20.24702337,0,2249
7.320720132,15000,20.14168721,0,3921
7.630856685,15000,20.14490234,0,3834
7.28651209,15000,20.73877069,0,752
6.523457251,15000,20.27340332,0,2032
4.743892547,15000,21.1646867,1,477
4.342866425,15000,20.34809245,1,1596
6.938538329,15000,20.25851817,0,2149
7.444508977,15000,20.4502071,0,1234
6.262743895,15000,20.29661268,0,1873
5.709044178,15000,20.57155921,0,972
4.723426326,15000,20.25660765,1,2165
7.528453352,15000,21.03455411,0,537
6.974753635,15000,20.11983511,0,4636
6.337956607,15000,20.16335065,0,3401
4.659173334,15000,20.14103975,1,3939
5.750048847,15000,20.12824459,0,4332
7.386205548,15000,20.13133701,0,4230
6.74940852,15000,20.18543243,0,2996
4.773696587,15000,20.62562563,1,888
4.944054302,15000,20.11903912,1,4667
7.456628896,15000,20.11370355,0,4886
5.842945679,15000,20.21212507,0,2619
4.229262462,15000,21.58277936,1,351
5.180359137,15000,20.12051097,1,4610
7.414002325,15000,21.71998624,0,323
7.584360041,15000,20.13543529,0,4102
7.754717756,15000,20.19283428,0,2881
4.051333282,15000,20.13399796,1,4146
4.876172146,15000,20.60452182,1,919
6.608007781,15000,20.84430935,0,658
5.426242699,15000,20.4283389,1,1297
7.938817292,15000,20.36646145,0,1516
4.109175008,15000,21.87687688,1,296
6.69163902,15000,20.15513978,0,3581
6.137939303,15000,20.20729685,0,2680
6.727007262,15000,20.2646763,0,2099
7.551846126,15000,20.14348026,0,3872
6.718901868,15000,20.26658136,0,2084
6.889259584,15000,20.6437492,0,863
6.40513615,15000,20.33690452,0,1649
7.356232825,15000,20.61184533,0,908
4.739247635,15000,20.18072725,1,3074
5.69034431,15000,20.23812926,0,2333
7.93719539,15000,21.78062678,0,312
5.529565322,15000,21.86428039,0,298
7.610221781,15000,20.21285653,0,2610
6.777277523,15000,20.67503713,0,823
5.163594306,15000,20.15627442,1,3555
6.114690981,15000,20.19742557,0,2814
5.504309737,15000,20.49915144,0,1113
6.455406412,15000,21.49342891,0,372
7.406503087,15000,20.11993859,0,4632
6.573558829,15000,20.19534302,0,2844
4.179136653,15000,25.72737686,1,97
7.332984503,15000,20.53316272,0,1042
7.280779205,15000,20.11735436,0,4734
5.667095988,15000,20.22519479,0,2467
5.837453703,15000,20.44587123,0,1246
7.220468513,15000,20.16282402,0,3412
4.171565188,15000,20.20799534,1,2671
4.11935989,15000,20.40759762,1,1363
6.156855849,15000,20.36477712,0,1523
7.107952524,15000,20.7104291,0,782
4.617225144,15000,21.28008193,1,434
4.996937981,15000,20.27326884,1,2033
4.037735913,15000,20.2013612,1,2759
5.769571547,15000,20.22240014,0,2498
5.368545425,15000,20.15359567,1,3617
7.964217329,15000,20.13322675,0,4170
6.044873788,15000,20.3748688,0,1482
5.643847666,15000,20.21359306,0,2601
7.668135732,15000,21.12460639,0,494
5.399971367,15000,22.38435861,1,233
6.351068041,15000,20.12367666,0,4492
5.016629365,15000,20.17857781,1,3111
4.964424067,15000,20.30812843,1,1803
4.340834931,15000,20.19596316,1,2835
7.507890673,15000,20.53011026,0,1048
5.462289321,15000,20.63564709,1,874
7.49978528,15000,20.5378079,0,1033
5.0090579,15000,20.81103001,1,685
5.471868048,15000,20.21220609,1,2618
6.422964723,15000,20.29598058,0,1877
7.805979533,15000,20.13741171,0,4043
5.188994343,15000,20.45951659,1,1209
7.352748112,15000,20.14415038,0,3854
5.865322706,15000,20.1363996,0,4073
6.467598557,15000,20.73195725,0,759
4.199434191,15000,21.1155734,1,498
4.662244339,15000,20.22852964,1,2431
6.394079973,15000,20.25601639,0,2170
4.125915607,15000,20.29101915,1,1909
7.947452499,15000,20.17834849,0,3115
4.117810214,15000,20.29332395,1,1894
6.198466673,15000,20.13208644,0,4206
6.006795672,15000,20.17664724,0,3145
5.173851414,15000,20.40909835,1,1358
4.340907157,15000,20.12156577,1,4570
6.72722394,15000,20.24123124,0,2303
7.32949979,15000,20.13930681,0,3988
7.499857506,15000,20.20070649,0,2768
6.666913248,15000,20.56689342,0,980
6.963528774,15000,20.24735332,0,2246
7.788367638,15000,20.13826669,0,4018
4.739464313,15000,20.16953175,1,3277
5.036079839,15000,20.12228826,1,4543
6.641657663,15000,20.30932937,0,1796
5.027974446,15000,20.12269336,1,4528
5.198332161,15000,20.16799382,1,3307
6.930167796,15000,20.18238856,0,3046
4.313182606,15000,22.62054507,1,212
5.613100105,15000,20.27179822,0,2044
7.218677928,15000,20.12928917,0,4297
7.585182873,15000,20.15308778,0,3629
7.184156751,15000,20.11700833,0,4748
7.786432601,15000,20.38741671,0,1434
6.172749384,15000,20.13332267,0,4167
7.682022005,15000,20.14547147,0,3819
5.065036815,15000,20.56401579,1,985
4.886573706,15000,20.25356255,1,2191
4.834368408,15000,20.62916824,1,883
5.004726124,15000,20.11916679,1,4662
6.736561758,15000,20.12623394,0,4401
6.906919473,15000,20.174703,0,3180
6.073975216,15000,20.39881949,0,1393
5.241030958,15000,20.12064181,1,4605
7.627347741,15000,20.23762,0,2338
4.578444416,15000,20.34787449,1,1597
4.748802131,15000,21.47754137,1,376
6.480637766,15000,24.83091787,0,115
7.292268738,15000,20.1202241,0,4621
6.027406345,15000,20.11275737,0,4927
4.413723128,15000,20.20893402,1,2659
4.36151783,15000,20.41121803,1,1351
5.312614505,15000,20.91074681,1,610
7.698931288,15000,20.16618473,0,3343
7.088550044,15000,20.33834078,0,1642
6.255605786,15000,20.11442957,0,4855
4.336262245,15000,20.25637081,1,2167
4.938538095,15000,20.14418779,1,3853
6.753471041,15000,20.14154282,0,3925
5.475400756,15000,20.28286943,1,1964
5.645758471,15000,20.74771946,0,743
5.467295362,15000,20.28504646,1,1949
7.199130997,15000,20.32912059,0,1688
4.582145807,15000,20.14415038,1,3854
4.529940509,15000,20.21820721,1,2546
7.265078116,15000,20.19479508,0,2852
6.432133858,15000,20.52164841,0,1065
4.469629817,15000,20.45388526,1,1224
7.636685559,15000,20.12523795,0,4436
4.016398396,15000,20.53625054,1,1036
4.967495071,15000,21.88323917,1,295
7.480069665,15000,21.0829543,0,513
5.29500261,15000,20.94804702,1,586
4.462058353,15000,20.14627582,1,3798
7.19719596,15000,20.13536929,0,4104
4.231389945,15000,20.15027199,1,3697
5.740662566,15000,20.165887,0,3349
4.781460498,15000,20.13633265,1,4075
5.732557173,15000,20.16663334,0,3334
4.46769478,15000,20.15262515,1,3640
4.066668658,15000,20.11673788,1,4759
6.579243251,15000,20.11160216,0,4978
7.530339926,15000,20.13112003,0,4237
7.351876817,15000,21.25407575,0,443
7.522234533,15000,20.13158587,0,4222
6.466727262,15000,20.23660799,0,2348
4.072305085,15000,20.12077295,1,4600
5.02340176,15000,20.14392631,1,3860
5.974498435,15000,20.17811977,0,3119
5.141554177,15000,20.41739711,1,1331
5.717414244,15000,20.1595049,0,3483
6.821497648,15000,20.48647597,0,1142
4.553333283,15000,20.63059654,1,881
4.780372525,15000,21.20772947,1,460
7.515510132,15000,20.72526835,0,766
4.340348996,15000,20.2188088,1,2539
5.068882658,15000,20.32469641,1,1711
6.451897468,15000,20.14329522,0,3877
4.183733102,15000,20.15363815,1,3616
4.005269993,15000,20.11521268,1,4822
4.301885519,15000,20.51109067,1,1087
7.691504275,15000,20.12663678,0,4387
5.855258045,15000,20.27340332,0,2032
5.803052747,15000,20.76628352,0,725
7.840548705,15000,20.62845651,0,884
4.79164538,15000,23.88500389,1,143
7.177962163,15000,20.19316953,0,2876
7.474577689,15000,20.13415976,0,4141
4.07685354,15000,20.67177213,1,827
7.243909282,15000,20.1375478,0,4039
5.97904689,15000,20.12786089,0,4345
7.850661362,15000,22.56016385,0,217
6.585798969,15000,21.06224772,0,523
7.410637833,15000,20.24196671,0,2296
6.14577544,15000,20.21351097,0,2602
5.871007129,15000,20.46027801,0,1207
5.260625885,15000,20.1232924,1,4506
6.866203708,15000,20.31583602,0,1759
4.166121207,15000,20.15470776,1,3591
4.768397058,15000,22.00561572,1,277
6.500232692,15000,54.72222222,0,16
7.534426678,15000,20.12053711,0,4609
5.475617434,15000,20.25625256,1,2168
4.420110163,15000,21.89609405,1,293
6.025687986,15000,20.21820721,0,2546
7.75752362,15000,20.24313153,0,2285
5.795019579,15000,20.22731406,0,2444
5.088333132,15000,20.17675964,1,3143
7.90656805,15000,20.14689465,0,3782
5.860966698,15000,20.15397881,0,3608
5.376843265,15000,20.12643504,1,4394
5.979119115,15000,20.51440329,0,1080
6.581394966,15000,20.20085161,0,2766
7.532491641,15000,20.27434842,0,2025
4.915506451,15000,20.13259082,1,4190
7.428081045,15000,20.12600489,0,4409
6.595136787,15000,20.21188236,0,2622
4.200714611,15000,20.1139835,1,4874
5.431055826,15000,47.77777778,1,20
6.92743369,15000,20.14677822,0,3785
6.875228391,15000,20.22419514,0,2478
4.969405877,15000,20.16163967,1,3437
6.701241511,15000,20.17492303,0,3176
4.084256321,15000,21.62919518,1,341
7.473875077,15000,20.15258323,0,3641
5.86019186,15000,20.40462896,0,1373
7.369464481,15000,20.54200542,0,1025
7.539822196,15000,20.1156203,0,4805
7.919535033,15000,20.39569484,0,1404
4.521810884,15000,20.17979144,1,3090
6.476209532,15000,20.1905851,0,2915
4.862526315,15000,20.85733882,1,648
6.022978111,15000,20.20372408,0,2727
4.535552705,15000,20.18857962,1,2946
6.141130528,15000,22.80583614,0,198
6.08892523,15000,20.14277963,0,3891
4.824062838,15000,20.13236968,1,4197
5.648901702,15000,20.57332875,0,969
5.164778269,15000,20.31655587,1,1755
6.770356092,15000,20.13861167,0,4008
5.937411834,15000,20.25025025,0,2220
7.891810482,15000,20.27153253,0,2046
5.274825292,15000,20.13189828,1,4212
6.003358954,15000,20.16417126,0,3384
6.954455629,15000,20.21019885,0,2643
7.124813344,15000,20.39068604,0,1422
7.504526181,15000,20.1838979,0,3021
4.664977977,15000,25.55555556,1,100
7.05129476,15000,20.1961015,0,2833
6.999089462,15000,20.36429872,0,1525
7.823928326,15000,20.16845226,0,3298
4.775025001,15000,20.2172685,1,2557
5.071640527,15000,20.14535729,1,3822
6.454655337,15000,20.56230319,0,988
4.84097212,15000,20.14930276,1,3721
4.400635457,15000,20.12571975,1,4419
5.644184564,15000,20.30325085,0,1832
7.376020198,15000,20.3536318,0,1571
4.200859062,15000,20.16618473,1,3343
5.151955737,15000,20.21342895,1,2603
5.448571264,15000,20.14362863,1,3868
5.270108155,15000,27.50750751,1,74
6.570025654,15000,20.29147721,0,1906
7.394864518,15000,20.15100722,0,3679
4.123398179,15000,20.1948634,1,2851
5.074494854,15000,20.26329647,1,2110
4.241550597,15000,21.71998624,1,323
5.84712842,15000,20.21574973,0,2575
7.578964054,15000,20.24008451,0,2314
6.174635959,15000,20.19377592,0,2867
7.906471593,15000,20.21318325,0,2606
6.947269525,15000,20.16673336,0,3332
7.243885051,15000,20.12085176,0,4597
5.198283699,15000,20.12560605,1,4423
6.803861522,15000,20.33147706,0,1676
4.535697157,15000,20.39261877,1,1415
4.706054872,15000,22.86368843,1,194
7.092371655,15000,20.18980374,0,2927
5.478688438,15000,20.84302816,1,659
7.559344897,15000,20.18699278,0,2971
6.726400639,15000,20.46921922,0,1184
4.331978463,15000,20.16168672,1,3436
6.718295246,15000,20.47524,0,1169
4.018212745,15000,20.18512348,1,3001
7.407831501,15000,20.42735043,0,1300
4.790846311,15000,20.16028723,1,3466
4.306722878,15000,20.13065747,1,4252
7.47377862,15000,20.22546898,0,2464
4.298617484,15000,20.13112003,1,4237
5.249714159,15000,20.15891177,1,3496
5.546329685,15000,20.11666433,0,4762
4.155209482,15000,20.21524818,1,2581
7.88044117,15000,20.46842796,0,1186
6.921239102,15000,20.29041064,0,1913
6.088294844,15000,24.44444444,0,125
7.039391519,15000,20.12672344,0,4384
7.209749234,15000,20.17564197,0,3163
7.728927774,15000,20.12301939,0,4516
6.895983517,15000,20.2036494,0,2728
5.2823003,15000,21.20510966,1,461
4.798176866,15000,20.44587123,1,1246
5.749273541,15000,21.10011001,0,505
4.135590324,15000,20.17157367,1,3238
4.737866175,15000,20.11282607,1,4924
5.758852268,15000,20.24702337,0,2249
6.709948943,15000,20.3681614,0,1509
5.514975969,15000,20.11382003,0,4881
6.897990779,15000,20.27139988,0,2047
4.197908279,15000,20.14322133,1,3879
7.364964021,15000,20.26568893,0,2091
5.528717791,15000,20.11728004,0,4737
6.9117326,15000,20.29193671,0,1903
7.514008451,15000,20.15479397,0,3589
7.461803153,15000,20.24355789,0,2281
4.831610071,15000,20.254842,1,2180
5.085065097,15000,20.429664,1,1293
7.597639691,15000,20.36743092,0,1512
6.415874609,15000,20.2582778,0,2151
7.798889419,15000,20.12869019,0,4317
6.952737269,15000,22.12044105,0,262
6.900531971,15000,20.14046917,0,3955
6.499505849,15000,27.50750751,0,74
4.231341483,15000,20.11542812,1,4813
7.049576401,15000,21.22910521,0,452
6.482668792,15000,20.24323798,0,2284
6.653026508,15000,20.52262987,0,1063
5.388164115,15000,20.40581122,1,1369
6.4223581,15000,20.57750058,0,962
6.370152802,15000,20.11937163,0,4654
6.540510518,15000,20.16182801,0,3433
4.926827301,15000,20.47646274,1,1166
6.658662935,15000,20.61387354,0,905
4.47359588,15000,20.56863414,1,977
7.989472447,15000,20.31511943,0,1763
5.023666433,15000,20.40970174,1,1356
6.532939053,15000,20.55114638,0,1008
7.484035728,15000,22.08073242,0,267
4.086311579,15000,20.28446265,1,1953
5.818147213,15000,20.32834253,0,1692
4.985202956,15000,20.11328621,1,4904
7.371519739,15000,20.21067712,0,2637
4.977097562,15000,20.11363378,1,4889
7.572769467,15000,21.25691302,0,442
5.304605101,15000,23.06936771,1,181
7.690921884,15000,20.19071595,0,2913
7.067332748,15000,20.14078955,0,3946
6.583209315,15000,20.11742878,0,4731
5.750265057,15000,20.18870773,0,2944
4.9173208,15000,20.48058439,1,1156
6.522898623,15000,20.16296731,0,3409
4.477297271,15000,20.17173278,1,3235
4.425091973,15000,20.28830076,1,1927
6.030669796,15000,20.13290803,0,4180
4.111326255,15000,20.37235627,1,1492
4.713602105,15000,20.17481295,1,3178
7.880657848,15000,20.39968026,0,1390
4.482933698,15000,20.18060974,1,3076
4.779549225,15000,20.1279787,1,4341
6.232453453,15000,20.12145946,0,4574
4.967591061,15000,20.11384335,1,4880
6.573168884,15000,20.26057953,0,2132
5.981588549,20000,20.19529152,0,3793
7.364603359,20000,72.91005291,0,14
4.315700034,20000,20.13011431,1,5693
7.260192763,20000,20.23198896,0,3193
7.081729654,20000,20.15428884,0,4801
7.37834518,20000,20.1141533,0,6489
6.196580098,20000,21.09739369,0,675
7.928415732,20000,22.27221086,0,326
4.168662867,20000,20.26568893,1,2788
5.900498501,20000,20.30358227,0,2440
6.851595176,20000,20.51015203,0,1452
5.669830094,20000,20.32150206,0,2304
5.840187809,20000,21.09577033,0,676
7.572023444,20000,22.25835592,0,328
6.739079186,20000,20.16064644,0,4611
6.560616077,20000,20.11909015,0,6220
4.292451712,20000,20.12616943,1,5871
5.020985373,20000,20.1553567,1,4768
6.055179358,20000,20.17532325,0,4225
6.225537074,20000,20.2852294,0,2597
7.176633749,20000,20.46037336,0,1609
6.692510316,20000,20.27889335,0,2656
7.294786166,20000,20.15104828,0,4904
6.461841908,20000,20.29382814,0,2521
7.412938583,20000,20.48319683,0,1533
7.583296299,20000,20.11271162,0,6572
6.750352041,20000,20.17682997,0,4189
6.920709757,20000,20.28923887,0,2561
7.649243418,20000,20.50840133,0,1457
4.251519268,20000,20.19993002,1,3705
4.853795119,20000,20.1244315,1,5953
4.020850861,20000,20.20754854,1,3569
6.755988469,20000,20.18625616,0,3977
4.487824103,20000,20.20411704,1,3629
7.654879846,20000,20.59449498,0,1246
4.257155696,20000,20.21200365,1,3494
7.982387384,20000,20.45332971,0,1634
7.009977424,20000,20.11859442,0,6246
5.605649329,20000,22.34411627,0,316
5.038741719,20000,20.2684816,1,2759
5.488343975,20000,20.32025108,1,2313
5.14399938,20000,20.15204038,1,4872
7.421429338,20000,20.12981787,0,5706
4.721659972,20000,20.22298036,1,3322
6.732740146,20000,20.17823406,0,4156
7.251918686,20000,20.12430622,0,5959
4.85749651,20000,20.32262227,1,2296
6.24051132,20000,20.1428898,0,5184
7.74978394,20000,20.1569366,0,4720
4.129496777,20000,24.004004,1,185
5.582401006,20000,21.49644594,0,495
4.178072911,20000,20.6012506,1,1232
6.34182668,20000,20.1556505,0,4759
7.72484149,20000,20.7550874,0,981
4.453375152,20000,20.11321118,1,6543
7.703528205,20000,20.16085575,0,4605
7.219404772,20000,20.13105816,0,5652
6.818378649,20000,21.54966682,0,478
7.769475324,20000,20.12030871,0,6157
5.348637364,20000,20.23779799,1,3115
4.376227403,20000,20.69815338,1,1061
4.254445821,20000,20.19832416,1,3735
5.694142158,20000,20.72479525,0,1022
7.133838495,20000,20.14886269,0,4976
6.148220643,20000,20.11281461,0,6566
5.94334175,20000,20.34792895,0,2129
7.980837708,20000,20.31642065,0,2341
4.137987532,20000,20.16997263,1,4358
7.082480261,20000,20.39867639,0,1858
5.329331341,20000,20.12703494,1,5831
6.769027678,20000,20.23756919,0,3118
5.574054704,20000,20.78137209,0,948
6.595040798,20000,20.18294412,0,4049
7.602818999,20000,20.17948649,0,4127
6.617201147,20000,20.12956808,0,5717
5.941719848,20000,21.41633029,0,523
6.44800363,20000,20.64750065,0,1144
5.017572886,20000,20.17059897,1,4342
6.819297939,20000,20.52312199,0,1416
6.976447762,20000,20.21577068,0,3433
7.146805478,20000,20.41038268,0,1805
7.09460018,20000,32.14329083,0,61
6.135398111,20000,20.71916577,0,1030
7.867233746,20000,21.08772502,0,681
6.253550529,20000,20.17126954,0,4325
7.051973609,20000,21.15200737,0,643
6.441592365,20000,20.14691407,0,5042
5.957468932,20000,20.12163231,0,6090
4.343785715,20000,20.24151964,1,3067
7.078923322,20000,20.21322416,0,3474
6.245979064,20000,20.67895577,0,1091
6.193773766,20000,20.12316939,0,6014
4.231269725,20000,20.11897538,1,6226
4.959803386,20000,20.1445912,1,5123
4.196748547,20000,24.57247371,1,162
7.852403952,20000,20.27233115,0,2720
6.364978546,20000,20.24592986,0,3012
4.319377193,20000,20.2664535,1,2780
4.921653044,20000,20.14732314,1,5028
5.872749719,20000,20.18335167,0,4040
4.607887326,20000,20.16657089,1,4447
7.648685258,20000,20.13679423,0,5415
6.941998811,20000,20.11670722,0,6347
4.547576634,20000,20.27598388,1,2684
6.781219823,20000,20.2038362,0,3634
5.167536606,20000,21.21234164,1,611
7.248193064,20000,20.20057968,0,3693
6.415248807,20000,20.56545095,0,1310
4.80156559,20000,20.14955396,1,4953
6.407143413,20000,20.57421763,0,1290
6.577501129,20000,20.11703914,0,6329
4.658157587,20000,20.26985091,1,2745
7.04447437,20000,20.11594001,0,6389
6.211530113,20000,20.18495399,0,4005
6.033067004,20000,20.13196878,0,5613
7.751694746,20000,20.33024554,0,2243
6.918750489,20000,20.11350609,0,6526
6.74028738,20000,20.50493575,0,1467
5.475424987,20000,20.39506173,1,1875
4.293659905,20000,20.2716321,1,2727
4.590275431,20000,20.1677782,1,4415
6.976592214,20000,20.5325239,0,1391
5.140345984,20000,20.15058767,1,4919
4.961882875,20000,20.1134887,1,6527
6.471155496,20000,20.12217396,0,6063
5.289390414,20000,22.97486241,1,249
6.240487089,20000,20.12495627,0,5928
6.18828179,20000,20.17704129,0,4184
5.787255668,20000,20.13050401,0,5676
4.731748397,20000,20.2331573,1,3177
4.553285288,20000,20.15480475,1,4785
4.278516976,20000,20.25315815,1,2926
7.306107016,20000,20.85044861,0,871
5.692423799,20000,20.16406218,0,4515
5.989039325,20000,20.11943579,0,6202
7.21938054,20000,20.11581312,0,6396
7.599093377,20000,20.39781995,0,1862
6.849246431,20000,20.11240375,0,6590
6.365122997,20000,20.76286379,0,971
5.100260605,20000,20.53754771,1,1378
5.702536455,20000,20.20428592,0,3626
4.647029184,20000,20.65726774,1,1127
5.109839332,20000,20.199984,1,3704
5.406454858,20000,20.13740322,1,5391
5.227991749,20000,22.23114681,1,332
4.953223438,20000,20.14411298,1,5140
7.548895342,20000,20.12606207,0,5876
4.373734206,20000,20.47090956,1,1573
4.670349732,20000,20.22715141,1,3261
4.046760596,20000,20.15974568,1,4637
5.861693541,20000,20.15647248,0,4734
6.812790216,20000,20.19774179,0,3746
5.979845959,20000,20.54346349,0,1363
7.585423782,20000,20.16966119,0,4366
6.32056139,20000,20.15516145,0,4774
6.490919105,20000,20.23545478,0,3146
5.644766955,20000,20.16808276,0,4407
4.811822698,20000,20.36615954,1,2023
7.97887844,20000,20.11746602,0,6306
7.800415331,20000,20.59354226,0,1248
6.967471074,20000,20.13392528,0,5531
5.702608681,20000,20.12472483,0,5939
4.869664424,20000,20.20836589,1,3555
6.601500058,20000,20.23097622,0,3207
5.991118814,20000,20.78802206,0,940
4.377435597,20000,20.16162792,1,4583
6.109271231,20000,20.17490927,0,4235
5.498889987,20000,20.37658401,1,1967
4.66594573,20000,20.11849956,1,6251
7.401083337,20000,20.11125574,0,6658
5.132918971,20000,20.11739156,1,6310
7.17041493,20000,20.11355829,0,6523
5.251071388,20000,20.25203836,1,2939
4.418127131,20000,21.334668,1,555
7.877635306,20000,20.31162841,0,2377
7.602866994,20000,21.43276739,0,517
6.769922736,20000,20.15428884,0,4801
5.936978479,20000,20.30647114,0,2417
6.971172465,20000,20.39527254,0,1874
5.357489248,20000,20.1342408,1,5518
4.650802801,20000,20.11486133,1,6449
5.253078651,20000,20.36489692,1,2030
6.858656475,20000,20.14714754,0,5034
7.155272001,20000,33.46801347,0,55
4.760849825,20000,20.24223046,1,3058
4.93120754,20000,20.51800052,1,1430
4.879002242,20000,20.11657865,1,6354
7.265319025,20000,20.22244467,0,3330
7.43567674,20000,20.43496227,0,1703
5.948251334,20000,20.37148482,0,1994
4.683388941,20000,20.30838499,1,2402
7.710978981,20000,22.12856535,0,348
7.881336696,20000,20.13753077,0,5386
6.267653479,20000,20.31347471,0,2363
7.999489114,20000,20.36761327,0,2015
5.605066937,20000,20.14758732,0,5019
5.901682463,20000,38.99335233,0,39
6.072040179,20000,20.14587254,0,5078
4.458356962,20000,20.36045778,1,2055
7.974233529,20000,20.23879457,0,3102
6.011729487,20000,20.2234512,0,3315
6.94961827,20000,20.1240564,0,5971
5.767853188,20000,24.71809389,0,157
4.502990796,20000,21.31337011,1,564
4.450785497,20000,20.13497462,1,5488
5.401882172,20000,20.16460905,1,4500
6.436076158,20000,20.18719756,0,3957
4.167911792,20000,20.20530508,1,3608
6.9030494,20000,20.1844474,0,4016
6.724586291,20000,20.13171066,0,5624
6.672380993,20000,20.19086337,0,3881
5.490615911,20000,20.15650554,1,4733
7.65436968,20000,20.46470561,0,1594
5.386205314,20000,20.59449498,1,1246
7.772522097,20000,20.15151171,0,4889
4.932973894,20000,20.74446306,1,995
4.100029636,20000,20.14034497,1,5278
4.270387352,20000,20.20294267,1,3650
5.430839148,20000,20.11534424,1,6422
6.033114999,20000,20.36981565,0,2003
7.764950633,20000,20.44757749,0,1655
4.716047308,20000,21.11055583,1,667
5.540886172,20000,20.24438824,0,3031
4.485378901,20000,21.39236981,1,532
6.217214535,20000,24.0257649,0,184
7.822792359,20000,20.23242571,0,3187
6.335366952,20000,20.21291772,0,3479
7.160205816,20000,20.12677404,0,5843
4.669478437,20000,20.13770975,1,5379
4.839836153,20000,20.1974782,1,3751
6.877332111,20000,20.18686699,0,3964
4.177249611,20000,20.11561429,1,6407
7.344305353,20000,20.18412646,0,4023
5.355385528,20000,20.15250993,1,4857
7.240207892,20000,20.31175957,0,2376
5.403961661,20000,20.12546422,1,5904
6.983123701,20000,20.25881927,0,2862
7.807962565,20000,20.14174144,0,5226
7.97832028,20000,20.20587569,0,3598
6.14207405,20000,21.61381425,0,459
4.654648643,20000,20.9863392,1,751
4.476185534,20000,20.31400625,1,2359
5.859200344,20000,20.14117415,0,5247
7.159117844,20000,20.72408675,0,1023
5.113516491,20000,20.93646111,1,791
5.925147464,20000,25.61167228,0,132
5.44102403,20000,20.62827883,1,1179
7.478519989,20000,20.53214134,0,1392
7.426314691,20000,20.11729861,0,6315
7.945493231,20000,20.51050361,0,1451
4.547769081,20000,20.20025432,1,3699
5.150044932,20000,20.12455704,1,5947
6.881880566,20000,20.13229876,0,5599
4.836279214,20000,20.13801765,1,5367
6.053412537,20000,20.29186002,0,2538
6.878251401,20000,20.1511099,0,4902
7.048609117,20000,20.22624946,0,3274
7.345224643,20000,20.1492827,0,4962
6.163459561,20000,20.12740639,0,5814
7.46337706,20000,20.46587468,0,1590
6.852995816,20000,20.12368354,0,5989
4.58483145,20000,20.13131373,1,5641
6.190409274,20000,20.37448976,0,1978
6.792685124,20000,20.17528177,0,4226
7.730573907,20000,23.42935528,0,216
5.894327677,20000,20.19790028,0,3743
4.058081446,20000,21.22639195,1,604
6.444398229,20000,20.174374,0,4248
6.614755945,20000,20.28272547,0,2620
5.432990863,20000,20.21334699,1,3472
4.726304416,20000,20.16819726,1,4404
6.109319226,20000,21.18518519,0,625
4.063717874,20000,21.88483649,1,393
5.014814549,20000,20.12201297,1,6071
7.833049467,20000,22.88225969,0,257
6.21936625,20000,20.18988483,0,3901
7.170462925,20000,20.25428793,0,2913
7.118257626,20000,20.63365333,0,1169
7.720533477,20000,20.21678102,0,3417
6.233108071,20000,20.19971441,0,3709
7.838685894,20000,36.10305958,0,46
4.28828815,20000,20.11819702,1,6267
4.000625081,20000,20.22968705,1,3225
5.872239553,20000,20.16881056,0,4388
4.607377161,20000,20.1544497,1,4796
6.339212795,20000,20.16657089,0,4447
6.941488645,20000,45.54278416,0,29
6.457365212,20000,20.68842076,0,1076
4.843681995,20000,20.1569366,1,4720
7.007435765,20000,20.46882325,0,1580
7.17779348,20000,20.11191128,0,6619
4.211987466,20000,20.12191256,1,6076
6.724562059,20000,20.11632235,0,6368
4.678960707,20000,20.12072046,1,6136
5.281236558,20000,20.43141569,1,1717
5.006468246,20000,20.11354089,1,6524
7.392785029,20000,20.21157976,0,3501
4.998362853,20000,20.11387252,1,6505
5.726896514,20000,20.13714881,0,5401
7.681295162,20000,20.14330446,0,5169
5.286872985,20000,20.49185972,1,1506
4.022010593,20000,20.38721419,1,1913
7.189066335,20000,20.11955144,0,6196
4.14016301,20000,20.14220402,1,5209
5.091259685,20000,20.1754894,1,4221
4.912796576,20000,20.12707853,1,5829
5.641330237,20000,20.15677053,0,4725
7.246908061,20000,20.69749599,0,1062
7.194702763,20000,20.12376621,0,5985
6.139195492,20000,20.21249017,0,3486
7.954128437,20000,20.20673758,0,3583
5.254045936,20000,20.12294452,1,6025
7.291541895,20000,20.11874651,0,6238
6.026679502,20000,20.11145663,0,6646
5.193735244,20000,20.17380121,1,4262
7.580052027,20000,20.59785371,0,1239
7.527846729,20000,20.12021109,0,6162
4.13012258,20000,20.42498034,1,1743
5.892537092,20000,20.15046531,0,4923
6.062894807,20000,20.22480751,0,3295
7.668472631,20000,20.11759656,0,6299
6.403610238,20000,38.51851852,0,40
4.789927021,20000,20.20112428,1,3683
5.086542547,20000,20.13791487,1,5371
4.127340479,20000,20.11685451,1,6339
6.862478086,20000,29.25925926,0,80
6.029533829,20000,20.16977785,0,4363
5.196589571,20000,20.37411149,1,1980
5.366947286,20000,22.1043771,1,352
5.314741988,20000,20.14042478,1,5275
4.049879596,20000,20.1303662,1,5682
7.216935338,20000,20.22453493,0,3299
5.812607243,20000,20.18353338,0,4036
7.544442877,20000,20.20085161,0,3688
5.1500207,20000,50.86419753,1,24
6.881856335,20000,20.11678082,0,6343
6.620295915,20000,20.88183422,0,840
5.787351658,20000,20.1445912,0,5123
7.392929481,20000,20.50735667,0,1460
5.779246264,20000,20.1451579,0,5103
6.730342939,20000,20.1800099,0,4115
5.897398681,20000,20.42767941,0,1732
6.416577221,20000,20.20954476,0,3535
7.018853072,20000,20.12808936,0,5783
7.969949746,20000,20.15448191,0,4795
7.485826313,20000,20.12679574,0,5842
5.091404137,20000,20.33994527,1,2179
7.045802785,20000,20.38045236,0,1947
6.993597487,20000,23.63108206,0,204
5.379914269,20000,20.19255023,1,3847
7.111749904,20000,20.2117007,0,3499
4.717327727,20000,20.11392506,1,6502
4.887685443,20000,20.15194682,1,4875
5.184300969,20000,20.11288338,1,6562
4.573919725,20000,20.17250599,1,4294
7.169591629,20000,20.14723529,0,5031
5.123990277,20000,20.15435314,1,4799
5.071784979,20000,20.24246833,1,3055
5.242142695,20000,20.51908952,1,1427
7.977280302,20000,20.40367343,0,1835
7.366899058,20000,20.1188227,0,6234
5.098734692,20000,20.1258479,1,5886
5.701010543,20000,20.50493575,0,1467
4.43614815,20000,20.39506173,1,1875
5.387244825,20000,20.83510794,1,887
7.773561608,20000,20.16351893,0,4530
5.36593154,20000,20.16420766,1,4511
7.961603444,20000,20.14114724,0,5248
4.912700119,20000,20.1738828,1,4260
4.498466105,20000,20.2713336,1,2730
7.665521847,20000,22.14086919,0,346
4.490360711,20000,20.27333607,1,2710
5.218894372,20000,20.46123334,1,1606
4.385950115,20000,20.12578379,1,5889
7.984923992,20000,21.03600104,0,715
5.367938802,20000,20.20558999,1,3603
5.315733504,20000,20.39846194,1,1859
4.469581355,20000,20.2374169,1,3120
5.852596165,20000,20.1232924,0,6008
7.235610975,20000,20.33231976,0,2229
7.183405676,20000,21.5273005,0,485
4.217599662,20000,20.11208061,1,6609
6.590708553,20000,21.31570291,0,563
6.538503255,20000,20.13502383,0,5486
7.572697241,20000,20.14985651,0,4943
4.955712051,20000,20.63637521,1,1164
5.252327577,20000,20.25981787,1,2851
5.339901116,20000,20.28283343,1,2619
6.94547894,20000,20.13175751,0,5622
5.026135399,20000,20.36328629,1,2039
4.625109276,20000,20.20978214,1,3531
4.572903978,20000,20.41451636,1,1787
7.61370191,20000,20.26887141,0,2755
6.126276503,20000,20.24310494,0,3047
7.731854327,20000,20.12241625,0,6051
5.241126948,20000,20.13258291,1,5587
4.059361866,20000,20.11503972,1,6439
4.661637716,20000,20.36652189,1,2021
6.825391486,20000,20.13351491,0,5548
5.992447228,20000,20.23404131,0,3165
7.724282862,20000,20.26295376,0,2817
5.456118497,20000,20.3000165,1,2469
4.623174239,20000,28.71459695,1,85
7.009491022,20000,20.19864327,0,3729
4.615068846,20000,31.22334456,1,66
7.21074075,20000,20.92361688,0,802
4.942576385,20000,21.63158753,1,454
5.544852235,20000,20.27414535,0,2702
6.705304032,20000,20.13531983,0,5474
5.091620815,20000,20.3022198,1,2451
4.258676557,20000,31.05583195,1,67
5.209773232,20000,20.12891416,1,5746
4.725649799,20000,25.83260426,1,127
4.115268555,20000,20.16366344,1,4526
4.063063256,20000,20.26626195,1,2782
4.233420972,20000,20.64133397,1,1155
7.749297539,20000,20.33639452,0,2202
4.351573389,20000,20.16645859,1,4450
7.518629132,20000,20.35836514,0,2067
6.685684874,20000,20.11665209,0,6350
4.417520508,20000,20.12341565,1,6002
5.870424737,20000,20.11735436,0,6312
4.605562344,20000,33.97624039,1,53
5.430401209,20000,20.30659799,1,2416
4.184339725,25000,20.12260672,1,7552
5.567354535,25000,20.32741369,0,2828
6.950369345,25000,20.14382198,0,6438
6.898164046,25000,20.2174556,0,4258
5.284480829,25000,21.93303951,1,479
7.670797612,25000,20.18397098,0,5033
4.050510449,25000,20.12026574,1,7699
7.217566192,25000,20.19621232,0,4719
4.58737311,25000,20.20345549,1,4551
6.192950933,25000,20.11149018,0,8305
4.705525527,25000,22.74755468,1,337
7.87258127,25000,20.16270004,0,5691
5.478159093,25000,20.8326672,1,1112
5.425953795,25000,20.12743269,1,7266
7.812270578,25000,20.26553654,0,3487
5.544106212,25000,20.30338333,0,3052
5.14308009,25000,20.18831115,1,4917
4.658956657,25000,20.14871923,1,6226
4.257930534,25000,20.11442485,1,8092
5.863508358,25000,20.26357129,0,3513
6.033866073,25000,20.62647221,0,1478
7.765701707,25000,20.88775257,0,1043
6.93275745,25000,20.14474377,0,6397
4.664593084,25000,20.15530458,1,5962
5.615689759,25000,20.19588025,0,4727
4.656487691,25000,20.15595855,1,5937
6.388323325,25000,20.16828897,0,5502
6.55868104,25000,20.26699133,0,3468
5.503173769,25000,22.6994925,0,343
6.454270444,25000,20.12441896,0,7442
5.621326187,25000,20.20746716,0,4463
7.004340997,25000,20.11470837,0,8072
7.174698712,25000,20.15334977,0,6038
4.125795387,25000,20.19278075,1,4803
4.073590089,25000,20.35300264,1,2623
7.240645831,25000,20.11607445,0,7977
5.264933898,25000,20.20737423,1,4465
4.083168816,25000,20.16743688,1,5530
5.871685977,25000,20.14404573,0,6428
5.540549273,25000,20.18259237,0,5071
4.554931421,25000,20.13118814,1,7058
4.267268352,25000,20.28437528,1,3256
7.046192729,25000,20.25578064,0,3620
4.346423363,25000,21.44450222,1,641
6.37071143,25000,20.16955245,0,5461
7.544371119,25000,20.21183389,0,4371
7.840986645,25000,20.1428898,0,6480
5.224001455,25000,20.52699256,1,1757
5.603714292,25000,20.20939076,0,4422
7.196084223,25000,20.21053341,0,4398
6.001111249,25000,20.54951094,0,1685
4.24796233,25000,20.13921605,1,6651
4.544577856,25000,22.16844479,1,427
5.578771842,25000,20.11458061,0,8081
6.961786652,25000,20.27581946,0,3357
7.341499488,25000,20.15373168,0,6023
4.292596163,25000,20.1933847,1,4788
6.456349933,25000,21.07167353,0,864
5.623405675,25000,20.14891057,0,6218
4.986608647,25000,20.22257835,1,4160
7.874732984,25000,20.46203889,0,2004
6.108376172,25000,20.29016795,0,3191
6.976688671,25000,20.25025025,0,3700
5.419686981,25000,20.73837793,1,1254
4.420861237,25000,20.11876936,1,7796
5.581313033,25000,20.31623153,0,2928
4.831466087,25000,21.83715461,1,504
6.340738707,25000,20.11212472,0,8258
7.374932693,25000,20.12216993,0,7579
5.176657746,25000,20.23608514,1,3922
7.187737921,25000,20.18652819,0,4964
6.424683082,25000,20.13048562,0,7096
5.007147095,25000,20.21843027,1,4239
5.107928526,25000,20.11984545,1,7726
5.252183593,25000,22.12856535,1,435
6.792348226,25000,20.14103975,0,6565
6.408693089,25000,21.27013159,0,729
4.864899291,25000,20.44926052,1,2061
7.892489331,25000,20.11831407,0,7826
7.268900195,25000,20.76333547,0,1213
7.997433856,25000,20.11337406,0,8167
6.732571463,25000,22.6994925,0,343
4.770067422,25000,21.52040382,1,609
7.505205029,25000,20.8281985,0,1118
4.958109258,25000,20.61482465,1,1506
5.254724784,25000,20.25613442,1,3615
4.64434354,25000,21.18708452,1,780
7.811399283,25000,20.15094978,0,6134
6.54653689,25000,20.13936272,0,6644
5.713592633,25000,20.25264009,0,3665
6.664689307,25000,20.38103948,0,2430
5.83174505,25000,20.11895246,0,7784
7.869241008,25000,20.11502185,0,8050
5.587868751,25000,20.24137798,0,3836
5.047376926,25000,20.15146833,1,6113
4.271114195,25000,20.20732779,1,4466
6.657430978,25000,21.34778155,0,687
6.173307545,25000,20.46365845,0,1997
4.559624328,25000,20.14134116,1,6551
6.165202151,25000,20.46953647,0,1972
4.900339758,25000,20.37305638,1,2482
7.412914352,25000,20.32534291,0,2846
6.23114927,25000,20.23668863,0,3912
6.401506986,25000,20.49330097,0,1877
5.415889133,25000,20.23962886,1,3864
4.805507889,25000,20.89895721,1,1030
6.105425389,25000,20.22677588,0,4083
6.707701239,25000,20.13432844,0,6893
5.874756982,25000,20.23656769,0,3914
6.045114697,25000,20.49277591,0,1879
4.780252304,25000,20.38757887,1,2389
4.296128871,25000,20.25038559,1,3698
4.117665762,25000,20.16221547,1,5708
4.288023478,25000,20.25208982,1,3673
5.016557139,25000,20.40362944,1,2294
4.824886138,25000,21.76031545,1,526
5.427161989,25000,20.27763896,1,3335
6.378258663,25000,20.44070725,0,2101
5.113396271,25000,20.35476089,1,2610
7.931631189,25000,20.25188409,0,3676
7.879425891,25000,20.61893444,0,1496
6.265742674,25000,20.15304561,0,6050
5.432798416,25000,20.30150633,1,3071
7.16463405,25000,20.35126173,0,2636
7.544346887,25000,20.17467005,0,5301
5.708100657,25000,20.6724226,0,1377
7.31367848,25000,20.18042204,0,5132
5.826253074,25000,20.16844205,0,5497
4.073104154,25000,20.43491119,1,2129
7.588980721,25000,20.2693211,0,3438
7.536775423,25000,20.73544553,0,1259
6.786928476,25000,20.12915692,0,7169
6.9440783,25000,20.68283623,0,1356
6.111134042,25000,20.13799194,0,6710
4.122214217,25000,20.11944349,1,7752
7.511832973,25000,20.18827286,0,4918
4.323463945,25000,20.22616657,1,4094
4.703176782,25000,20.13699156,1,6759
6.65757543,25000,20.14313278,0,6469
6.173451996,25000,20.11904422,0,7778
7.333903793,25000,20.3181876,0,2910
5.929575697,25000,20.24169301,0,3831
7.312590507,25000,20.12445241,0,7440
5.69890729,25000,20.25291612,0,3661
4.865963033,25000,21.35766265,1,682
5.023112856,25000,20.28917112,1,3202
7.841347774,25000,20.21694609,0,4268
7.357224341,25000,20.16602581,0,5577
4.308321016,25000,20.21324872,1,4342
4.339213029,25000,20.34053914,1,2719
5.499664825,25000,20.14972929,1,6184
6.4507615,25000,20.18709354,0,4949
5.617817242,25000,20.47001316,0,1970
5.788174958,25000,20.11198911,0,8268
5.958532673,25000,20.14852838,0,6234
6.547600632,25000,20.17586437,0,5265
4.153178455,25000,21.34974625,1,686
5.88501409,25000,23.68894791,0,251
7.616849724,25000,20.11361054,0,8150
6.783905466,25000,20.17909592,0,5170
5.170222249,25000,20.66565487,1,1391
7.905359857,25000,20.48707308,0,1901
5.288374667,25000,20.16804463,1,5510
6.89395249,25000,20.99348275,0,932
4.848351138,25000,21.44450222,1,641
6.580186772,25000,24.49478605,0,206
4.312022407,25000,20.11425542,1,8104
4.133559298,25000,20.51989103,1,1781
5.433476797,25000,20.19150485,1,4835
4.474274729,25000,20.1531722,1,6045
5.425371404,25000,20.19250019,1,4810
5.373166105,25000,20.35192928,1,2631
5.543523821,25000,21.55356699,0,596
5.491318523,25000,20.13717421,1,6750
7.293043576,25000,20.29936176,0,3093
4.676058386,25000,20.13815666,1,6702
7.062375169,25000,20.31677247,0,2923
7.79090883,25000,20.59969296,0,1544
5.605841775,25000,20.55611167,0,1665
4.995460531,25000,20.1292651,1,7163
5.723994193,25000,20.16008401,0,5784
7.455829827,25000,20.17310262,0,5349
5.84214661,25000,20.58976174,0,1570
7.447724433,25000,20.17391546,0,5324
5.179560068,25000,20.18938964,1,4889
7.914697675,25000,20.17149952,0,5399
4.516973526,25000,20.11280774,1,8208
5.4680702,25000,20.13276827,1,6974
5.638427916,25000,20.18747235,0,4939
4.805483658,25000,20.47241119,1,1960
5.185196495,25000,20.2002002,1,4625
5.913730157,25000,20.28533927,0,3245
7.51930798,25000,20.13227513,0,7000
4.470404655,25000,20.16061161,1,5765
7.637460397,25000,20.33246891,0,2785
5.243038221,25000,20.14157889,1,6540
5.539653747,25000,22.93014534,0,316
7.92597053,25000,20.19012853,0,4870
4.096328246,25000,20.32660526,1,2835
4.266685961,25000,21.15740741,1,800
4.214480663,25000,20.13315012,1,6954
6.587589554,25000,20.11978343,0,7730
5.405824472,25000,21.99984001,1,463
6.705741971,25000,20.2633464,0,3516
6.959196997,25000,20.45433068,0,2038
5.039853456,25000,20.15717636,1,5891
6.074047442,25000,20.17765271,0,5212
4.460364225,25000,20.6461451,1,1433
5.760281724,25000,20.20635746,0,4487
5.359255601,25000,20.14576919,1,6352
7.091091236,25000,20.15648571,0,5917
6.690065113,25000,20.11898303,0,7782
5.857120856,25000,20.19278075,0,4803
5.024176598,25000,20.50763483,1,1824
7.842411516,25000,20.32050049,0,2889
4.570945177,25000,20.61319598,1,1510
6.302780812,25000,20.86132644,0,1075
4.689097595,25000,20.16449208,1,5629
7.284769499,25000,20.14136274,0,6550
5.016605134,25000,20.15141879,1,6115
7.402921917,25000,20.3963724,0,2336
5.00849974,25000,20.15204038,1,6090
6.308417239,25000,21.14311843,0,810
5.684828103,25000,20.36583403,0,2531
5.855185819,25000,21.86678614,0,496
5.022241561,25000,20.15827794,1,5850
5.973338236,25000,20.200634,0,4615
4.010834195,25000,20.18970005,1,4881
7.526710761,25000,20.14958416,0,6190
4.477807436,25000,20.18686699,1,4955
5.080083287,25000,20.11924352,1,7765
7.46640007,25000,20.23229451,0,3986
5.616945947,25000,20.20050367,0,4618
5.9270825,25000,20.20704963,0,4472
6.097440216,25000,20.37994498,0,2437
6.673300282,25000,20.15370616,0,6024
4.056315092,25000,20.71225071,1,1300
7.445933848,25000,20.1361856,0,6799
7.742549375,25000,21.61030596,0,575
4.344825225,25000,20.27353794,1,3385
5.727840035,25000,20.13238861,0,6994
4.114156818,25000,20.28800184,1,3215
5.497171628,25000,20.1356668,1,6825
6.797089127,25000,20.59930481,0,1545
5.18340591,25000,20.15179114,1,6100
4.127898639,25000,20.31123561,1,2975
5.078995314,25000,20.53183568,1,1741
7.897230232,25000,20.32998073,0,2806
5.629065866,25000,20.39052127,0,2371
7.583464514,25000,20.44494278,0,2081
6.750520257,25000,20.1245361,0,7435
7.352796107,25000,20.48452429,0,1911
5.084631742,25000,20.62732109,1,1476
7.693511538,25000,20.14994752,0,6175
6.345864969,25000,29.64506173,0,96
5.081002577,25000,21.53045608,1,605
5.251360292,25000,20.13411442,1,6904
5.199154994,25000,20.19600464,1,4724
5.020691885,25000,20.13750014,1,6734
7.755829492,25000,20.1278197,0,7244
5.055746992,25000,20.47144905,1,1964
4.222802734,25000,20.12652718,1,7318
4.044339625,25000,20.93057882,1,995
7.992134327,25000,20.12951824,0,7149
7.368545191,25000,21.72747374,0,536
5.532298961,25000,20.18720702,0,4946
6.566492946,25000,20.21699694,0,4267
6.082369513,25000,20.16605558,0,5576
6.252727228,25000,20.26148713,0,3541
6.283619241,25000,20.48275596,0,1918
6.580234767,25000,20.22992946,0,4027
6.401771658,25000,20.15337517,0,6037
7.701689157,25000,21.22315182,0,757
6.08800594,25000,20.17430834,0,5312
6.035800642,25000,20.29563408,0,3132
4.422117425,25000,20.12045348,1,7687
4.369912127,25000,20.16813618,1,5507
7.53696787,25000,20.36626817,0,2528
7.358504761,25000,20.20403833,0,4538
7.306299463,25000,20.39267427,0,2358
4.257396137,25000,20.82377751,1,1124
6.491039326,25000,20.40066029,0,2311
6.857857406,25000,20.26470152,0,3498
4.074990729,25000,20.11161113,1,8296
4.245348444,25000,20.14788787,1,6261
6.409102214,25000,20.39620279,0,2337
5.79872097,25000,20.11816308,0,7836
6.749817645,25000,20.14027055,0,6601
5.262392238,25000,20.13292075,1,6966
6.645407048,25000,20.41299105,0,2242
6.815764764,25000,24.47307211,0,207
7.195477601,25000,20.32228539,0,2873
5.581794384,25000,20.12467025,0,7427
4.316931991,25000,20.11667413,1,7936
6.48068576,25000,20.23078911,0,4012
7.514879746,25000,20.27772223,0,3334
4.465976421,25000,20.44112717,1,2099
5.417073096,25000,21.07167353,1,864
4.584128838,25000,20.14891057,1,6218
4.754486554,25000,20.22135451,1,4183
7.489624161,25000,20.19729937,0,4693
5.095201985,25000,28.12215724,1,114
5.042996686,25000,20.14772271,1,6268
6.342914186,25000,20.93717199,0,988
4.729230969,25000,20.16707433,1,5542
7.896286711,25000,20.36126646,0,2563
6.714521629,25000,20.2551463,0,3629
5.449659236,25000,20.2237617,1,4138
6.832674046,25000,20.11950515,0,7748
6.98982387,25000,20.47851469,0,1935
6.156879612,25000,20.12703058,0,7289
4.89201722,25000,20.1187389,1,7798
7.710252138,25000,21.74373997,0,531
4.883911826,25000,20.11910547,1,7774
6.266926636,25000,20.30358227,0,3050
6.563542162,25000,20.17947779,0,5159
4.601038121,25000,20.17067759,1,5425
6.319665863,25000,20.76396529,0,1212
6.184989524,25000,20.30101623,0,3076
7.136086199,25000,20.50294727,0,1841
7.306443914,25000,20.11375011,0,8140
4.606361414,25000,20.32375032,1,2860
5.557458089,25000,20.56945014,0,1626
6.159733939,25000,20.20877698,0,4435
7.765311763,25000,20.11305567,0,8190
6.50044937,25000,22.52985226,0,366
6.448244072,25000,20.14201318,0,6520
4.834560855,25000,20.33780588,1,2741
4.350437422,25000,20.22862369,1,4050
7.517493164,25000,20.86454335,0,1071
4.342332028,25000,20.22998657,1,4026
4.29012673,25000,20.50158501,1,1846
5.450578526,25000,20.17434116,1,5311
7.182414161,25000,20.18989457,0,4876
6.223212092,25000,20.15214031,0,6086
5.739088659,25000,20.1251928,0,7396
6.258267199,25000,20.70359113,0,1316
6.07980409,25000,20.27839024,0,3326
7.811639724,25000,20.32027877,0,2891
7.98199744,25000,21.08168917,0,856
5.713833074,25000,22.19934899,0,421
4.100149857,25000,20.18607836,1,4976
6.054548505,25000,20.19763627,0,4685
6.002343207,25000,20.36948361,0,2506
7.60792103,25000,20.14791149,0,6260
7.123797597,25000,20.12231518,0,7570
7.294155312,25000,20.16728562,0,5535
7.115692203,25000,20.12272047,0,7545
5.850829811,25000,20.11496473,0,8054
7.233844621,25000,20.27797236,0,3331
5.968982228,25000,20.24112654,0,3840
4.355299011,25000,35.17911354,1,61
7.871175578,25000,20.67536537,0,1371
4.696014442,25000,20.21408692,1,4325
4.211891009,25000,20.1643461,1,5634
5.372342805,25000,21.20878058,1,766
7.981222602,25000,20.16942835,0,5465
4.709756263,25000,20.22666485,1,4085
4.880113978,25000,20.45145096,1,2051
7.615251586,25000,20.36168981,0,2560
4.44009045,25000,20.16789228,1,5515
6.171926084,25000,20.18226888,0,5080
5.687802651,25000,20.14492502,0,6389
5.509339542,25000,34.0291807,0,66
5.025216109,25000,20.67340067,1,1375
7.411532892,25000,20.15616899,0,5929
4.78133981,25000,20.16072313,1,5761
4.380313687,25000,20.12141698,1,7626
5.985891511,25000,20.30388117,0,3047
7.006877604,25000,20.13372703,0,6924
4.738713239,25000,20.14271361,1,6488
5.689809914,25000,20.17623257,0,5254
4.856865656,25000,20.40717939,1,2274
6.239880466,25000,20.15736335,0,5884
6.968414127,25000,20.20557858,0,4504
4.351428937,25000,20.11411461,1,8114
6.388924896,25000,40.12882448,0,46
6.977992855,25000,20.1249394,0,7411
5.141746624,25000,20.26546041,1,3488
7.654321218,25000,20.24037537,0,3852
6.472556136,25000,20.18827286,0,4918
6.071530013,25000,20.13650684,0,6783
4.444638904,25000,20.12249318,1,7559
6.176474539,25000,20.12997276,0,7124
4.340228308,25000,20.28935185,1,3200
5.723243118,25000,20.13596563,0,6810
5.740927239,25000,20.65761785,0,1408
4.9778724,25000,20.261561,1,3540
6.583450224,25000,20.1269261,0,7295
6.09932679,25000,23.42935528,0,270
6.479039627,25000,20.31536987,0,2936
4.86535641,25000,20.12362162,1,7490
6.597192045,25000,20.13124393,0,7055
5.764247787,25000,20.22716534,0,4076
4.499385394,25000,20.20194677,1,4585
7.095057299,25000,20.16816671,0,5506
5.132553258,25000,20.16041683,1,5772
6.864388892,25000,20.17352435,0,5336
5.808881621,25000,20.41859219,0,2212
7.846377579,25000,20.37365857,0,2478
7.362254146,25000,20.24450117,0,3787
7.310048848,25000,20.57582458,0,1608
5.696365631,25000,20.15026386,0,6162
4.082682414,25000,20.38855473,1,2383
6.817820021,25000,20.32005735,0,2893
6.194230885,25000,20.20072099,0,4613
4.580547668,25000,21.11022293,1,834
6.395480613,25000,20.96955594,0,955
4.908055207,25000,20.70145903,1,1320
4.07511095,25000,20.13873628,1,6674
7.896647841,25000,22.6379656,0,351
4.847744516,25000,20.12430204,1,7449
7.582882123,25000,20.11633697,0,7959
5.314717757,25000,20.12306299,1,7524
6.265814432,25000,20.14722944,0,6289
7.871392256,25000,20.54147715,0,1710
7.387268822,25000,20.30669954,0,3019
6.20550374,25000,20.22666485,0,4085
7.937339375,25000,20.25374786,0,3649
6.323656158,25000,20.11286274,0,8204
5.338038305,25000,20.49861385,1,1857
4.073175913,25000,20.39118121,1,2367
4.243533628,25000,22.78893351,1,332
7.633152384,25000,20.15879368,0,5831
